1;0;0;357;1;6;1;0;3068754622005;;0.000000;0;1;5.000000;0.000000;Par m2;1.428571;0.00;4262200;;;0.000000;0.000000;0.000000;3.750000;2;0;0;0;0;1;404;0;1;0000-00-00;0;new;1;1;both;0;0;0;1;2015-12-03 15:17:27;2017-07-05 11:54:56;0;3;;1;16.90;
2;0;0;380;1;6;1;0;3068754501058;;0.000000;4000;1;28.800000;0.000000;;0.000000;0.00;4250105;;;0.000000;0.000000;0.000000;8.570000;2;0;0;0;0;1;404;0;1;0000-00-00;0;new;1;0;both;0;0;0;2;2015-12-03 15:17:27;2017-07-05 13:42:51;0;3;;1;1.00;
3;0;0;380;1;6;1;0;3068754350014;;0.000000;4000;1;28.800000;0.000000;;0.000000;0.00;4235001;;;0.000000;0.000000;0.000000;8.570000;2;0;0;0;0;1;404;0;1;0000-00-00;0;new;1;1;both;0;1;0;10;2015-12-03 15:17:27;2017-02-10 15:39:03;0;3;;1;0.00;
4;0;0;380;1;6;1;0;3068754205000;;0.000000;0;1;35.190000;0.000000;;0.000000;0.00;4220000;;;0.000000;0.000000;0.000000;9.840000;2;0;0;0;0;1;404;0;1;0000-00-00;0;new;1;1;both;0;1;0;18;2015-12-03 15:17:27;2017-01-26 16:51:17;0;3;;1;0.00;
5;0;0;380;1;6;1;0;3068754736016;;0.000000;0;1;41.600000;0.000000;;0.000000;0.00;4273601;;;0.000000;0.000000;0.000000;12.200000;2;0;0;0;0;1;404;0;1;0000-00-00;0;new;1;1;both;0;1;0;20;2015-12-03 15:17:27;2017-01-26 16:51:38;0;3;;1;0.00;
6;0;0;381;1;6;1;0;3068754100107;;0.000000;400000;1;5.410000;0.000000;;0.000000;0.00;4210010;;;0.000000;0.000000;0.000000;1.500000;2;0;0;0;0;1;404;0;1;0000-00-00;0;new;1;1;both;0;1;0;23;2015-12-03 15:17:27;2017-02-03 11:53:37;0;3;;1;0.00;
7;0;0;381;1;6;1;0;3068754100008;;0.000000;400000;1;6.000000;0.000000;;0.000000;0.00;4210000;;;0.000000;0.000000;0.000000;1.500000;2;0;0;0;0;1;404;0;1;0000-00-00;0;new;1;1;both;0;1;0;25;2015-12-03 15:17:27;2017-02-03 11:53:59;0;3;;1;0.00;
8;0;0;384;1;6;1;0;3068754622012;;0.000000;0;1;37.075000;0.000000;;0.000000;0.00;4262201;;;0.000000;0.000000;0.000000;22.000000;2;0;0;0;0;1;404;0;1;0000-00-00;0;new;1;1;both;0;1;0;27;2015-12-03 15:17:27;2017-02-10 16:34:45;0;3;;1;0.00;
9;0;0;384;1;6;1;0;3068754622081;;0.000000;0;1;45.408333;0.000000;;0.000000;0.00;4262208;;;0.000000;0.000000;0.000000;23.000000;2;0;0;0;0;1;404;0;1;0000-00-00;0;new;1;1;both;0;1;0;29;2015-12-03 15:17:27;2017-01-26 16:54:18;0;3;;1;0.00;
10;0;0;384;1;6;1;0;3068754622043;;0.000000;0;1;45.408333;0.000000;;0.000000;0.00;4262204;;;0.000000;0.000000;0.000000;23.000000;2;0;0;0;0;1;404;0;1;0000-00-00;0;new;1;1;both;0;1;0;28;2015-12-03 15:17:27;2017-02-08 15:12:54;0;3;;1;0.00;
11;0;0;384;1;6;1;0;3068754622166;;0.000000;0;1;45.408333;0.000000;;0.000000;0.00;4262216;;;0.000000;0.000000;0.000000;23.000000;2;0;0;0;0;1;404;0;1;0000-00-00;0;new;1;1;both;0;1;0;36;2015-12-03 15:17:27;2017-01-26 16:55:32;0;3;;1;0.00;
12;0;0;384;1;6;1;0;3068754622128;;0.000000;0;1;45.408333;0.000000;;0.000000;0.00;4262212;;;0.000000;0.000000;0.000000;23.000000;2;0;0;0;0;1;404;0;1;0000-00-00;0;new;1;1;both;0;1;0;40;2015-12-03 15:17:27;2017-01-11 08:14:43;0;3;;1;0.00;
13;0;0;384;1;6;1;0;3068754622234;;0.000000;0;1;53.741667;0.000000;;0.000000;0.00;4262223;;;0.000000;0.000000;0.000000;26.000000;2;0;0;0;0;1;404;0;1;0000-00-00;0;new;1;1;both;0;1;0;44;2015-12-03 15:17:27;2017-01-26 16:56:20;0;3;;1;0.00;
14;0;0;384;1;6;1;0;3068754622203;;0.000000;0;1;62.075000;0.000000;;0.000000;0.00;4262220;;;0.000000;0.000000;0.000000;30.000000;2;0;0;0;0;1;404;0;1;0000-00-00;0;new;1;1;both;0;1;0;46;2015-12-03 15:17:27;2017-01-26 16:56:57;0;3;;1;0.00;
15;0;0;392;1;6;1;0;3068754300019;;0.000000;20000;1;6.000000;0.000000;;0.000000;0.00;4229998;;;0.000000;0.000000;0.000000;2.800000;2;0;0;0;0;1;404;0;1;0000-00-00;0;new;1;1;both;0;1;0;49;2015-12-03 15:17:27;2017-01-26 16:57:22;0;3;;1;0.00;
17;0;0;392;1;6;1;0;3068754300064;;0.000000;0;1;15.930000;0.000000;;0.000000;0.00;4230006;;;0.000000;0.000000;0.000000;1.000000;2;0;0;0;0;1;404;0;1;0000-00-00;0;new;1;1;both;0;0;0;0;2015-12-03 15:17:27;2017-05-17 11:04:27;0;3;;1;13.00;
18;0;0;392;1;6;1;0;3068754320031;;0.000000;0;1;7.090000;0.000000;;0.000000;0.00;4232003;;;0.000000;0.000000;0.000000;0.300000;2;0;0;0;0;1;404;0;1;0000-00-00;0;new;1;1;both;0;1;0;52;2015-12-03 15:17:27;2017-01-26 16:58:16;0;3;;1;0.00;
19;0;0;392;1;6;1;0;3068754200029;;0.000000;0;1;8.870000;0.000000;;0.000000;0.00;4220002;;;0.000000;0.000000;0.000000;0.300000;2;0;0;0;0;1;404;0;1;0000-00-00;0;new;1;1;both;0;1;0;56;2015-12-03 15:17:27;2017-01-26 16:58:41;0;3;;1;0.00;
20;0;0;392;1;6;1;0;3068754320024;;0.000000;0;1;7.090000;0.000000;;0.000000;0.00;4232002;;;0.000000;0.000000;0.000000;2.400000;2;0;0;0;0;1;404;0;1;0000-00-00;0;new;1;1;both;0;1;0;58;2015-12-03 15:17:27;2017-01-26 16:58:59;0;3;;1;0.00;
21;0;0;392;1;6;1;0;3068754200012;;0.000000;0;1;8.870000;0.000000;;0.000000;0.00;4220001;;;0.000000;0.000000;0.000000;2.400000;2;0;0;0;0;1;404;0;1;0000-00-00;0;new;1;1;both;0;0;0;638;2015-12-03 15:17:27;2017-01-26 16:59:26;0;3;;1;0.00;
22;0;0;366;1;6;1;0;3068754060500;;0.000000;0;1;7.160000;0.000000;;0.000000;0.00;4206050;;;0.000000;0.000000;0.000000;2.800000;2;0;0;0;0;1;404;0;1;0000-00-00;0;new;1;1;both;0;1;0;64;2015-12-03 15:17:27;2017-01-26 16:59:50;0;3;;1;0.00;
23;0;0;366;1;6;1;0;3068754060043;;0.000000;0;1;23.750000;0.000000;;0.000000;0.00;4206004;;;0.000000;0.000000;0.000000;4.600000;2;0;0;0;0;1;404;0;1;0000-00-00;0;new;1;1;both;0;1;0;68;2015-12-03 15:17:27;2017-01-26 17:02:16;0;3;;1;0.00;
24;0;0;391;1;6;1;0;3068754061033;;0.000000;0;1;5.250000;0.000000;;0.000000;0.00;4206103;;;0.000000;0.000000;0.000000;0.400000;2;0;0;0;0;1;404;0;1;0000-00-00;0;new;1;1;both;0;0;0;72;2015-12-03 15:17:27;2017-01-26 17:03:18;0;3;;1;0.00;
25;0;0;391;1;6;1;0;3068754061057;;0.000000;0;1;12.420000;0.000000;;0.000000;0.00;4206105;;;0.000000;0.000000;0.000000;1.400000;2;0;0;0;0;1;404;0;1;0000-00-00;0;new;1;1;both;0;0;0;73;2015-12-03 15:17:27;2017-01-26 17:03:45;0;3;;1;0.00;
26;0;0;391;1;6;1;0;3068754061040;;0.000000;0;1;16.880000;0.000000;;0.000000;0.00;4206104;;;0.000000;0.000000;0.000000;1.700000;2;0;0;0;0;1;404;0;1;0000-00-00;0;new;1;1;both;0;0;0;74;2015-12-03 15:17:27;2017-01-26 17:04:11;0;3;;1;0.00;
28;0;0;391;1;6;1;0;3068754061507;;0.000000;0;1;6.580000;0.000000;;0.000000;0.00;4206150;;;0.000000;0.000000;0.000000;1.900000;2;0;0;0;0;1;404;0;1;0000-00-00;0;new;1;1;both;0;0;0;75;2015-12-03 15:17:27;2017-02-06 10:10:16;0;3;;1;0.00;
29;0;0;391;1;6;1;0;3068754062061;;0.000000;0;1;10.750000;0.000000;;0.000000;0.00;4206206;;;0.000000;0.000000;0.000000;0.300000;2;0;0;0;0;1;404;0;1;0000-00-00;0;new;1;1;both;0;0;0;79;2015-12-03 15:17:27;2017-01-26 17:04:55;0;3;;1;0.00;
30;0;0;391;1;6;1;0;3068754060548;;0.000000;0;1;12.416667;0.000000;;0.000000;0.00;4206054;;;0.000000;0.000000;0.000000;0.140000;2;0;0;0;0;1;404;0;1;0000-00-00;0;new;1;1;both;0;0;0;80;2015-12-03 15:17:27;2017-01-26 17:05:17;0;3;;1;0.00;
31;0;0;391;1;6;1;0;3068754062016;;0.000000;0;1;3.670000;0.000000;;0.000000;0.00;4206201;;;0.000000;0.000000;0.000000;0.140000;2;0;0;0;0;1;404;0;1;0000-00-00;0;new;1;1;both;0;0;0;84;2015-12-03 15:17:27;2017-01-26 17:06:44;0;3;;1;0.00;
32;0;0;368;1;6;1;0;3068754090019;;0.000000;0;1;11.180000;0.000000;;0.000000;0.00;4209001;;;0.000000;0.000000;0.000000;3.500000;2;0;0;0;0;1;404;0;1;0000-00-00;0;new;1;1;both;0;1;0;85;2015-12-03 15:17:27;2017-01-26 17:42:10;0;3;;1;0.00;
33;0;0;393;1;6;1;0;3068754090156;;0.000000;0;1;4.916667;0.000000;;0.000000;0.00;4209015;;;0.000000;0.000000;0.000000;0.350000;2;0;0;0;0;1;404;0;1;0000-00-00;0;new;1;1;both;0;0;0;88;2015-12-03 15:17:27;2017-01-26 17:07:32;0;3;;1;0.00;
34;0;0;393;1;6;1;0;3068754090149;;0.000000;0;1;4.916667;0.000000;;0.000000;0.00;4209014;;;0.000000;0.000000;0.000000;0.300000;2;0;0;0;0;1;404;0;1;0000-00-00;0;new;1;1;both;0;0;0;89;2015-12-03 15:17:27;2017-01-26 17:07:59;0;3;;1;0.00;
35;0;0;393;1;6;1;0;3068754090057;;0.000000;0;1;8.325000;0.000000;;0.000000;0.00;4209005;;;0.000000;0.000000;0.000000;0.500000;2;0;0;0;0;1;404;0;1;0000-00-00;0;new;1;1;both;0;0;0;90;2015-12-03 15:17:27;2017-01-26 17:08:18;0;3;;1;0.00;
36;0;0;393;1;6;1;0;3068754090132;;0.000000;0;1;13.250000;0.000000;;0.000000;0.00;4209013;;;0.000000;0.000000;0.000000;1.000000;2;0;0;0;0;1;404;0;1;0000-00-00;0;new;1;1;both;0;0;0;91;2015-12-03 15:17:27;2017-01-26 17:08:43;0;3;;1;0.00;
37;0;0;393;1;6;1;0;3068754090125;;0.000000;0;1;10.750000;0.000000;;0.000000;0.00;4209012;;;0.000000;0.000000;0.000000;1.500000;2;0;0;0;0;1;404;0;1;0000-00-00;0;new;1;1;both;0;0;0;92;2015-12-03 15:17:27;2017-01-26 17:09:12;0;3;;1;0.00;
38;0;0;393;1;6;1;0;3068754090118;;0.000000;0;1;85.210000;0.000000;;0.000000;0.00;4209011;;;0.000000;0.000000;0.000000;3.400000;2;0;0;0;0;1;404;0;1;0000-00-00;0;new;1;1;both;0;1;0;93;2015-12-03 15:17:27;2017-01-26 17:42:29;0;3;;1;0.00;
39;0;0;393;1;6;1;0;3068754090101;;0.000000;0;1;85.210000;0.000000;;0.000000;0.00;4209010;;;0.000000;0.000000;0.000000;2.400000;2;0;0;0;0;1;404;0;1;0000-00-00;0;new;1;1;both;0;1;0;94;2015-12-03 15:17:27;2017-01-26 17:42:51;0;3;;1;0.00;
40;0;0;385;1;6;1;0;3068754050501;;0.000000;0;1;3.880000;0.000000;;0.000000;0.00;4205050;;;0.000000;0.000000;0.000000;0.800000;2;0;0;0;0;1;404;0;1;0000-00-00;0;new;1;1;both;0;1;0;95;2015-12-03 15:17:27;2017-01-26 17:10:32;0;3;;1;0.00;
41;0;0;378;1;6;1;0;3068755623018;;0.000000;0;1;23.720000;0.000000;;0.000000;0.00;5062301;;;0.000000;0.000000;0.000000;1.200000;2;0;0;0;0;1;404;0;1;0000-00-00;0;new;1;0;both;0;0;0;115;2015-12-03 15:17:27;2017-03-02 14:28:24;0;3;;1;0.00;
42;0;0;379;1;6;1;0;3068752604034;;0.000000;0;1;2.380000;0.000000;;0.000000;0.00;2860403;;;0.000000;0.000000;0.000000;0.043000;2;0;0;0;0;1;404;0;1;0000-00-00;0;new;1;1;both;0;1;0;122;2015-12-03 15:17:27;2017-01-26 17:16:52;0;3;;1;0.00;
43;0;0;379;1;6;1;0;3068752641008;;0.000000;0;1;3.460000;0.000000;;0.000000;0.00;2064100;;;0.000000;0.000000;0.000000;0.236000;2;0;0;0;0;1;404;0;1;0000-00-00;0;new;1;1;both;0;1;0;132;2015-12-03 15:17:27;2017-01-26 17:17:09;0;3;;1;0.00;
44;0;0;379;1;6;1;0;3068752601132;;0.000000;0;1;59.340000;0.000000;;0.000000;0.00;2060113;;;0.000000;0.000000;0.000000;3.780000;2;0;0;0;0;1;404;0;1;0000-00-00;0;new;1;1;both;0;1;0;155;2015-12-03 15:17:27;2017-01-26 17:17:42;0;3;;1;0.00;
45;0;0;379;1;6;1;0;3068752603280;;0.000000;0;1;16.570000;0.000000;;0.000000;0.00;2060328;;;0.000000;0.000000;0.000000;0.885000;2;0;0;0;0;1;404;0;1;0000-00-00;0;new;1;1;both;0;1;0;160;2015-12-03 15:17:27;2017-01-26 17:17:56;0;3;;1;0.00;
46;0;0;379;1;6;1;0;3068752603020;;0.000000;0;1;16.570000;0.000000;;0.000000;0.00;2060302;;;0.000000;0.000000;0.000000;0.910000;2;0;0;0;0;1;404;0;1;0000-00-00;0;new;1;1;both;0;1;0;166;2015-12-03 15:17:27;2017-01-26 17:18:18;0;3;;1;0.00;
47;0;0;379;1;6;1;0;3068752603068;;0.000000;0;1;16.570000;0.000000;;0.000000;0.00;2060306;;;0.000000;0.000000;0.000000;1.300000;2;0;0;0;0;1;404;0;1;0000-00-00;0;new;1;1;both;0;1;0;172;2015-12-03 15:17:27;2017-01-26 17:18:44;0;3;;1;0.00;
48;0;0;379;1;6;1;0;3068752603037;;0.000000;0;1;16.570000;0.000000;;0.000000;0.00;2060303;;;0.000000;0.000000;0.000000;0.910000;2;0;0;0;0;1;404;0;1;0000-00-00;0;new;1;1;both;0;1;0;183;2015-12-03 15:17:27;2017-01-26 17:18:57;0;3;;1;0.00;
49;0;0;379;1;6;1;0;3068752603167;;0.000000;0;1;114.280000;0.000000;;0.000000;0.00;2060316;;;0.000000;0.000000;0.000000;0.770000;2;0;0;0;0;1;404;0;1;0000-00-00;0;new;1;1;both;0;1;0;189;2015-12-03 15:17:27;2017-01-26 17:19:14;0;3;;1;0.00;
50;0;0;379;1;6;1;0;3068752603365;;0.000000;0;1;16.570000;0.000000;;0.000000;0.00;2060336;;;0.000000;0.000000;0.000000;0.945000;2;0;0;0;0;1;404;0;1;0000-00-00;0;new;1;1;both;0;1;0;192;2015-12-03 15:17:27;2017-01-26 17:19:31;0;3;;1;0.00;
51;0;0;379;1;6;1;0;3068752603358;;0.000000;0;1;16.570000;0.000000;;0.000000;0.00;2060335;;;0.000000;0.000000;0.000000;0.895000;2;0;0;0;0;1;404;0;1;0000-00-00;0;new;1;1;both;0;1;0;198;2015-12-03 15:17:27;2017-01-27 10:34:36;0;3;;1;0.00;
52;0;0;379;1;6;1;0;3068752603044;;0.000000;0;1;16.570000;0.000000;;0.000000;0.00;2060304;;;0.000000;0.000000;0.000000;0.945000;2;0;0;0;0;1;404;0;1;0000-00-00;0;new;1;1;both;0;1;0;204;2015-12-03 15:17:27;2017-01-27 10:34:52;0;3;;1;0.00;
53;0;0;394;1;6;1;0;3068752690006;;0.000000;0;1;4.380000;0.000000;;0.000000;0.00;2469000;;;0.000000;0.000000;0.000000;0.100000;2;0;0;0;0;1;404;0;1;0000-00-00;0;new;1;1;both;0;0;0;207;2015-12-03 15:17:27;2017-01-27 10:35:24;0;3;;1;0.00;
54;0;0;369;1;6;1;0;3068755001007;;0.000000;0;1;7.083333;0.000000;;0.000000;0.00;5700100;;;0.000000;0.000000;0.000000;4.200000;2;0;0;0;0;1;404;0;1;0000-00-00;0;new;1;0;both;0;0;0;208;2015-12-03 15:17:27;2017-03-02 14:26:47;0;3;;1;0.00;
55;0;0;369;1;6;1;0;3068758040102;;0.000000;0;1;8.250000;0.000000;;0.000000;0.00;8404010;;;0.000000;0.000000;0.000000;16.500000;2;0;0;0;0;1;404;0;1;0000-00-00;0;new;1;1;both;0;0;0;211;2015-12-03 15:17:27;2017-01-27 10:36:58;0;3;;1;0.00;
56;0;0;370;1;6;1;0;3068752692017;;0.000000;0;1;10.460000;0.000000;;0.000000;0.00;2 369 201;;;0.000000;0.000000;0.000000;1.700000;2;0;0;0;0;1;404;0;1;0000-00-00;0;new;1;1;both;0;1;0;214;2015-12-03 15:17:27;2017-01-27 10:39:35;0;3;;1;0.00;
57;0;0;370;1;6;1;0;3068752693014;;0.000000;0;1;11.500000;0.000000;;0.000000;0.00;2369301;;;0.000000;0.000000;0.000000;2.200000;2;0;0;0;0;1;404;0;1;0000-00-00;0;new;1;1;both;0;1;0;215;2015-12-03 15:17:27;2017-01-27 10:40:04;0;3;;1;0.00;
58;0;0;370;1;6;1;0;3068752690013;;0.000000;0;1;11.620000;0.000000;;0.000000;0.00;2369001;;;0.000000;0.000000;0.000000;2.200000;2;0;0;0;0;1;404;0;1;0000-00-00;0;new;1;1;both;0;1;0;219;2015-12-03 15:17:27;2017-01-27 10:40:18;0;3;;1;0.00;
59;0;0;370;1;6;1;0;3068752691003;;0.000000;0;1;13.790000;0.000000;;0.000000;0.00;2369100;;;0.000000;0.000000;0.000000;2.300000;2;0;0;0;0;1;404;0;1;0000-00-00;0;new;1;1;both;0;1;0;223;2015-12-03 15:17:27;2017-01-27 10:40:43;0;3;;1;0.00;
60;0;0;370;1;6;1;0;3068755790000;;0.000000;0;1;48.610000;0.000000;;0.000000;0.00;5979000;;;0.000000;0.000000;0.000000;10.200000;2;0;0;0;0;1;404;0;1;0000-00-00;0;new;1;1;both;0;1;0;227;2015-12-03 15:17:27;2017-01-27 10:41:00;0;3;;1;0.00;
61;0;0;366;1;6;1;0;3068755100014;;0.000000;0;1;15.500000;0.000000;;0.000000;0.00;5610001;;;0.000000;0.000000;0.000000;7.200000;2;0;0;0;0;1;404;0;1;0000-00-00;0;new;1;1;both;0;1;0;229;2015-12-03 15:17:27;2017-01-27 10:41:38;0;3;;1;0.00;
62;0;0;366;1;6;1;0;3068755105002;;0.000000;0;1;19.880000;0.000000;;0.000000;0.00;5610500;;;0.000000;0.000000;0.000000;11.000000;2;0;0;0;0;1;404;0;1;0000-00-00;0;new;1;1;both;0;1;0;232;2015-12-03 15:17:27;2017-01-27 10:42:04;0;3;;1;0.00;
63;0;0;371;1;6;1;0;3068755880008;;0.000000;0;1;17.083333;0.000000;;0.000000;0.00;5988000;;;0.000000;0.000000;0.000000;7.100000;2;0;0;0;0;1;404;0;1;0000-00-00;0;new;1;1;both;0;1;0;244;2015-12-03 15:17:27;2017-01-27 10:42:31;0;3;;1;0.00;
64;0;0;371;1;6;1;0;3068755101004;;0.000000;0;1;45.000000;0.000000;;0.000000;0.00;5610100;;;0.000000;0.000000;0.000000;8.000000;2;0;0;0;0;1;404;0;1;0000-00-00;0;new;1;1;both;0;0;0;246;2015-12-03 15:17:27;2017-01-27 10:43:10;0;3;;1;0.00;
65;0;0;372;1;6;1;0;3068752510106;;0.000000;0;1;13.250000;0.000000;;0.000000;0.00;2351010;;;0.000000;0.000000;0.000000;13.500000;2;0;0;0;0;1;404;0;1;0000-00-00;0;new;1;1;both;0;0;0;247;2015-12-03 15:17:27;2017-01-27 10:43:25;0;3;;1;0.00;
66;0;0;373;1;6;1;0;3068752627200;;0.000000;0;1;19.391667;0.000000;;0.000000;0.00;2262724;;;0.000000;0.000000;0.000000;6.800000;2;0;0;0;0;1;404;0;1;0000-00-00;0;new;1;1;both;0;1;0;256;2015-12-03 15:17:27;2017-01-27 10:43:46;0;3;;1;0.00;
67;0;0;373;1;6;1;0;3068752621130;;0.000000;0;1;13.125000;0.000000;;0.000000;0.00;2262113;;;0.000000;0.000000;0.000000;1.900000;2;0;0;0;0;1;404;0;1;0000-00-00;0;new;1;0;both;0;0;0;257;2015-12-03 15:17:27;2017-03-02 14:41:20;0;3;;1;0.00;
68;0;0;373;1;6;1;0;3068752621062;;0.000000;0;1;33.030000;0.000000;;0.000000;0.00;2262106;;;0.000000;0.000000;0.000000;2.200000;2;0;0;0;0;1;404;0;1;0000-00-00;0;new;1;1;both;0;1;0;258;2015-12-03 15:17:27;2017-01-27 10:44:57;0;3;;1;0.00;
69;0;0;373;1;6;1;0;3068752626203;;0.000000;0;1;26.783333;0.000000;;0.522296;0.00;2262620;;;0.000000;0.000000;0.000000;4.500000;2;0;0;0;0;1;404;0;1;0000-00-00;0;new;1;1;both;0;1;0;259;2015-12-03 15:17:27;2017-01-27 10:45:21;0;3;;1;0.00;
70;0;0;373;1;6;1;0;3068752710018;;0.000000;0;1;29.840000;0.000000;;0.000000;0.00;2371001;;;0.000000;0.000000;0.000000;3.500000;2;0;0;0;0;1;404;0;1;0000-00-00;0;new;1;1;both;0;1;0;261;2015-12-03 15:17:27;2017-01-27 10:45:40;0;3;;1;0.00;
71;0;0;373;1;6;1;0;3068752713019;;0.000000;0;1;50.880000;0.000000;;0.000000;0.00;2371301;;;0.000000;0.000000;0.000000;3.500000;2;0;0;0;0;1;404;0;1;0000-00-00;0;new;1;1;both;0;1;0;264;2015-12-03 15:17:27;2017-01-27 10:45:54;0;3;;1;0.00;
72;0;0;374;1;6;1;0;3068752000546;;0.000000;0;1;9.290000;0.000000;;0.000000;0.00;2300054;;;0.000000;0.000000;0.000000;2.500000;2;0;0;0;0;1;404;0;1;0000-00-00;0;new;1;1;both;0;1;0;268;2015-12-03 15:17:27;2017-02-10 16:09:04;0;3;;1;0.00;
73;0;0;374;1;6;1;0;3068752000102;;0.000000;0;1;10.890000;0.000000;;0.000000;0.00;2300010;;;0.000000;0.000000;0.000000;3.000000;2;0;0;0;0;1;404;0;1;0000-00-00;0;new;1;1;both;0;1;0;271;2015-12-03 15:17:27;2017-02-06 10:17:20;0;3;;1;0.00;
74;0;0;374;1;6;1;0;3068752000140;;0.000000;0;1;11.730000;0.000000;;0.000000;0.00;2300014;;;0.000000;0.000000;0.000000;3.000000;2;0;0;0;0;1;404;0;1;0000-00-00;0;new;1;1;both;0;1;0;275;2015-12-03 15:17:27;2017-02-10 16:12:46;0;3;;1;0.00;
75;0;0;374;1;6;1;0;3068752007026;;0.000000;0;1;15.660000;0.000000;;0.000000;0.00;2300702;;;0.000000;0.000000;0.000000;3.000000;2;0;0;0;0;0;404;0;1;0000-00-00;0;new;1;0;both;0;1;0;283;2015-12-03 15:17:27;2017-01-27 10:47:49;0;3;;1;0.00;
76;0;0;374;1;6;1;0;3068752000805;;0.000000;0;1;26.280000;0.000000;;0.000000;0.00;2300080;;;0.000000;0.000000;0.000000;3.500000;2;0;0;0;0;1;404;0;1;0000-00-00;0;new;1;1;both;0;1;0;284;2015-12-03 15:17:27;2017-01-27 10:48:54;0;3;;1;0.00;
77;0;0;390;1;6;1;0;3068752070211;;0.000000;0;1;2.540000;0.000000;;0.000000;0.00;2407021;;;0.000000;0.000000;0.000000;0.500000;2;0;0;0;0;1;404;0;1;0000-00-00;0;new;1;1;both;0;0;0;287;2015-12-03 15:17:27;2017-01-27 10:50:00;0;3;;1;0.00;
79;0;0;390;1;6;1;0;3068755000116;;0.000000;0;1;5.080000;0.000000;;0.000000;0.00;5700011;;;0.000000;0.000000;0.000000;0.800000;2;0;0;0;0;1;404;0;1;0000-00-00;0;new;1;1;both;0;0;0;292;2015-12-03 15:17:27;2017-01-27 10:50:14;0;3;;1;0.00;
80;0;0;390;1;6;1;0;3068752070242;;0.000000;0;1;15.740000;0.000000;;0.000000;0.00;2407024;;;0.000000;0.000000;0.000000;0.500000;2;0;0;0;0;1;404;0;1;0000-00-00;0;new;1;1;both;0;0;0;295;2015-12-03 15:17:27;2017-01-27 10:50:47;0;3;;1;0.00;
81;0;0;390;1;6;1;0;3068755880190;;0.000000;0;1;12.416667;0.000000;;0.000000;0.00;5988019;;;0.000000;0.000000;0.000000;0.500000;2;0;0;0;0;1;404;0;1;0000-00-00;0;new;1;1;both;0;0;0;296;2015-12-03 15:17:27;2017-01-27 15:42:10;0;3;;1;0.00;
82;0;0;390;1;6;1;0;3068752070044;;0.000000;0;1;3.250000;0.000000;;0.000000;0.00;2407004;;;0.000000;0.000000;0.000000;0.500000;2;0;0;0;0;1;404;0;1;0000-00-00;0;new;1;1;both;0;0;0;298;2015-12-03 15:17:27;2017-01-27 15:42:52;0;3;;1;0.00;
83;0;0;390;1;6;1;0;3068752070020;;0.000000;0;1;4.080000;0.000000;;0.000000;0.00;2407002;;;0.000000;0.000000;0.000000;0.500000;2;0;0;0;0;1;404;0;1;0000-00-00;0;new;1;1;both;0;0;0;299;2015-12-03 15:17:27;2017-01-27 15:43:41;0;3;;1;0.00;
84;0;0;390;1;6;1;0;3068752070013;;0.000000;0;1;4.080000;0.000000;;0.000000;0.00;2407001;;;0.000000;0.000000;0.000000;0.500000;2;0;0;0;0;1;404;0;1;0000-00-00;0;new;1;1;both;0;0;0;300;2015-12-03 15:17:27;2017-01-27 15:44:10;0;3;;1;0.00;
85;0;0;390;1;6;1;0;3068752070037;;0.000000;0;1;7.420000;0.000000;;0.000000;0.00;2407003;;;0.000000;0.000000;0.000000;0.500000;2;0;0;0;0;1;404;0;1;0000-00-00;0;new;1;1;both;0;0;0;301;2015-12-03 15:17:27;2017-01-27 15:44:54;0;3;;1;0.00;
86;0;0;390;1;6;1;0;3068755780049;;0.000000;0;1;18.420000;0.000000;;0.000000;0.00;5978004;;;0.000000;0.000000;0.000000;0.500000;2;0;0;0;0;1;404;0;1;0000-00-00;0;new;1;1;both;0;0;0;302;2015-12-03 15:17:27;2017-01-27 15:49:08;0;3;;1;0.00;
87;0;0;390;1;6;1;0;3068755105125;;0.000000;0;1;6.250000;0.000000;;0.000000;0.00;5610512;;;0.000000;0.000000;0.000000;0.500000;2;0;0;0;0;1;404;0;1;0000-00-00;0;new;1;1;both;0;0;0;303;2015-12-03 15:17:27;2017-01-27 15:49:30;0;3;;1;0.00;
88;0;0;390;1;6;1;0;3068752070167;;0.000000;0;1;6.430000;0.000000;;0.000000;0.00;2407016;;;0.000000;0.000000;0.000000;0.500000;2;0;0;0;0;1;404;0;1;0000-00-00;0;new;1;1;both;0;0;0;307;2015-12-03 15:17:27;2017-01-27 15:49:51;0;3;;1;0.00;
89;0;0;390;1;6;1;0;3068755106047;;0.000000;0;1;7.420000;0.000000;;0.000000;0.00;5610604;;;0.000000;0.000000;0.000000;0.500000;2;0;0;0;0;1;404;0;1;0000-00-00;0;new;1;1;both;0;0;0;308;2015-12-03 15:17:27;2017-01-27 15:50:36;0;3;;1;0.00;
90;0;0;390;1;6;1;0;3068752070259;;0.000000;0;1;10.830000;0.000000;;0.000000;0.00;2407025;;;0.000000;0.000000;0.000000;0.500000;2;0;0;0;0;1;404;0;1;0000-00-00;0;new;1;1;both;0;0;0;312;2015-12-03 15:17:27;2017-01-27 15:51:21;0;3;;1;0.00;
91;0;0;390;1;6;1;0;3068755000109;;0.000000;0;1;4.830000;0.000000;;0.000000;0.00;5700010;;;0.000000;0.000000;0.000000;1.000000;2;0;0;0;0;1;404;0;1;0000-00-00;0;new;1;1;both;0;0;0;314;2015-12-03 15:17:27;2017-01-27 15:51:45;0;3;;1;0.00;
92;0;0;390;1;6;1;0;3068752627231;;0.000000;0;1;5.000000;0.000000;;0.000000;0.00;2262723;;;0.000000;0.000000;0.000000;0.500000;2;0;0;0;0;1;404;0;1;0000-00-00;0;new;1;1;both;0;0;0;317;2015-12-03 15:17:27;2017-01-27 15:54:04;0;3;;1;0.00;
93;0;0;390;1;6;1;0;3068755630405;;0.000000;0;1;7.500000;0.000000;;0.000000;0.00;5463040;;;0.000000;0.000000;0.000000;0.050000;2;0;0;0;0;1;404;0;1;0000-00-00;0;new;1;1;both;0;0;0;319;2015-12-03 15:17:27;2017-01-27 15:55:02;0;3;;1;0.00;
94;0;0;390;1;6;1;0;3068755630306;;0.000000;0;1;4.583333;0.000000;;0.000000;0.00;5463030;;;0.000000;0.000000;0.000000;0.050000;2;0;0;0;0;1;404;0;1;0000-00-00;0;new;1;1;both;0;0;0;320;2015-12-03 15:17:27;2017-01-27 15:55:27;0;3;;1;0.00;
95;0;0;390;1;6;1;0;3068755630207;;0.000000;0;1;8.250000;0.000000;;0.000000;0.00;5463020;;;0.000000;0.000000;0.000000;0.100000;2;0;0;0;0;1;404;0;1;0000-00-00;0;new;1;1;both;0;0;0;321;2015-12-03 15:17:27;2017-01-27 15:56:41;0;3;;1;0.00;
96;0;0;390;1;6;1;0;3068752520143;;0.000000;0;1;8.250000;0.000000;;0.000000;0.00;2352014;;;0.000000;0.000000;0.000000;5.000000;2;0;0;0;0;1;404;0;1;0000-00-00;0;new;1;1;both;0;0;0;322;2015-12-03 15:17:27;2017-01-27 15:57:15;0;3;;1;0.00;
97;0;0;390;1;6;1;0;3068755630191;;0.000000;0;1;8.250000;0.000000;;0.000000;0.00;5463019;;;0.000000;0.000000;0.000000;0.100000;2;0;0;0;0;1;404;0;1;0000-00-00;0;new;1;1;both;0;0;0;323;2015-12-03 15:17:27;2017-01-27 15:57:40;0;3;;1;0.00;
98;0;0;390;1;6;1;0;3068755630221;;0.000000;0;1;8.250000;0.000000;;0.000000;0.00;5463022;;;0.000000;0.000000;0.000000;0.100000;2;0;0;0;0;1;404;0;1;0000-00-00;0;new;1;1;both;0;0;0;324;2015-12-03 15:17:27;2017-01-27 15:58:02;0;3;;1;0.00;
99;0;0;390;1;6;1;0;3068755106139;;0.000000;0;1;14.990000;0.000000;;0.000000;0.00;5610613;;;0.000000;0.000000;0.000000;1.000000;2;0;0;0;0;1;404;0;1;0000-00-00;0;new;1;1;both;0;0;0;325;2015-12-03 15:17:27;2017-01-27 15:58:27;0;3;;1;0.00;
100;0;0;390;1;6;1;0;3068755635011;;0.000000;0;1;15.000000;0.000000;;0.000000;0.00;5463501;;;0.000000;0.000000;0.000000;1.530000;2;0;0;0;0;1;404;0;1;0000-00-00;0;new;1;1;both;0;1;0;327;2015-12-03 15:17:27;2017-01-27 15:59:41;0;3;;1;0.00;
101;0;0;390;1;6;1;0;3068755780018;;0.000000;0;1;15.750000;0.000000;;0.000000;0.00;5978001;;;0.000000;0.000000;0.000000;2.100000;2;0;0;0;0;1;404;0;1;0000-00-00;0;new;1;1;both;0;0;0;329;2015-12-03 15:17:27;2017-01-27 16:00:50;0;3;;1;0.00;
102;0;0;390;1;6;1;0;3068755780032;;0.000000;0;1;15.750000;0.000000;;0.000000;0.00;5978003;;;0.000000;0.000000;0.000000;0.200000;2;0;0;0;0;1;404;0;1;0000-00-00;0;new;1;1;both;0;0;0;332;2015-12-03 15:17:27;2017-01-27 16:01:20;0;3;;1;0.00;
103;0;0;390;1;6;1;0;3068755790024;;0.000000;0;1;15.750000;0.000000;;0.000000;0.00;5979002;;;0.000000;0.000000;0.000000;3.400000;2;0;0;0;0;1;404;0;1;0000-00-00;0;new;1;1;both;0;0;0;335;2015-12-03 15:17:27;2017-01-27 16:01:52;0;3;;1;0.00;
104;0;0;390;1;6;1;0;3068755635004;;0.000000;0;1;16.250000;0.000000;;0.000000;0.00;5463500;;;0.000000;0.000000;0.000000;2.250000;2;0;0;0;0;1;404;0;1;0000-00-00;0;new;1;1;both;0;0;0;338;2015-12-03 15:17:27;2017-01-27 16:03:59;0;3;;1;0.00;
105;0;0;390;1;6;1;0;3068752520167;;0.000000;0;1;16.580000;0.000000;;0.000000;0.00;2352016;;;0.000000;0.000000;0.000000;10.000000;2;0;0;0;0;1;404;0;1;0000-00-00;0;new;1;1;both;0;0;0;340;2015-12-03 15:17:27;2017-01-27 16:04:27;0;3;;1;0.00;
106;0;0;390;1;6;1;0;3068755106153;;0.000000;0;1;16.580000;0.000000;;0.000000;0.00;5610615;;;0.000000;0.000000;0.000000;0.302000;2;0;0;0;0;1;404;0;1;0000-00-00;0;new;1;1;both;0;0;0;341;2015-12-03 15:17:27;2017-02-08 17:41:58;0;3;;1;0.00;
107;0;0;390;1;6;1;0;3068755880152;;0.000000;0;1;17.000000;0.000000;;0.000000;0.00;5988015;;;0.000000;0.000000;0.000000;1.100000;2;0;0;0;0;1;404;0;1;0000-00-00;0;new;1;1;both;0;0;0;345;2015-12-03 15:17:27;2017-01-27 16:06:27;0;3;;1;0.00;
108;0;0;390;1;6;1;0;3068755880176;;0.000000;0;1;17.500000;0.000000;;0.000000;0.00;5988017;;;0.000000;0.000000;0.000000;1.000000;2;0;0;0;0;1;404;0;1;0000-00-00;0;new;1;1;both;0;0;0;347;2015-12-03 15:17:27;2017-02-08 17:40:44;0;3;;1;0.00;
109;0;0;390;1;6;1;0;3068755790017;;0.000000;0;1;20.750000;0.000000;;0.000000;0.00;5979001;;;0.000000;0.000000;0.000000;5.200000;2;0;0;0;0;1;404;0;1;0000-00-00;0;new;1;1;both;0;0;0;349;2015-12-03 15:17:27;2017-01-27 16:07:41;0;3;;1;0.00;
110;0;0;390;1;6;1;0;3068755880084;;0.000000;0;1;20.825000;0.000000;;0.000000;0.00;5988008;;;0.000000;0.000000;0.000000;2.600000;2;0;0;0;0;1;404;0;1;0000-00-00;0;new;1;1;both;0;0;0;351;2015-12-03 15:17:27;2017-01-27 16:08:17;0;3;;1;0.00;
111;0;0;390;1;6;1;0;3068755633314;;0.000000;0;1;22.500000;0.000000;;0.000000;0.00;5463331;;;0.000000;0.000000;0.000000;3.300000;2;0;0;0;0;1;404;0;1;0000-00-00;0;new;1;1;both;0;1;0;353;2015-12-03 15:17:27;2017-01-27 16:12:56;0;3;;1;0.00;
112;0;0;390;1;6;1;0;3068755632300;;0.000000;0;1;22.500000;0.000000;;0.000000;0.00;5463230;;;0.000000;0.000000;0.000000;3.000000;2;0;0;0;0;1;404;0;1;0000-00-00;0;new;1;1;both;0;1;0;355;2015-12-03 15:17:27;2017-01-27 16:13:17;0;3;;1;0.00;
113;0;0;390;1;6;1;0;3068752520150;;0.000000;0;1;24.920000;0.000000;;0.000000;0.00;2352015;;;0.000000;0.000000;0.000000;18.000000;2;0;0;0;0;1;404;0;1;0000-00-00;0;new;1;1;both;0;0;0;357;2015-12-03 15:17:27;2017-01-27 16:13:41;0;3;;1;0.00;
114;0;0;375;1;6;1;0;3068755800105;;0.000000;0;1;62.460000;0.000000;;0.000000;0.00;5180010;;;0.000000;0.000000;0.000000;5.000000;2;0;0;0;0;1;404;0;1;0000-00-00;0;new;1;1;both;0;1;0;358;2015-12-03 15:17:27;2017-01-27 16:14:17;0;3;;1;0.00;
115;0;0;375;1;6;1;0;3068755800204;;0.000000;0;1;133.290000;0.000000;;0.000000;0.00;5180020;;;0.000000;0.000000;0.000000;13.000000;2;0;0;0;0;1;404;0;1;0000-00-00;0;new;1;1;both;0;1;0;360;2015-12-03 15:17:27;2017-01-27 16:14:41;0;3;;1;0.00;
116;0;0;375;1;6;1;0;3068755800501;;0.000000;0;1;124.960000;0.000000;;0.000000;0.00;5180050;;;0.000000;0.000000;0.000000;13.000000;2;0;0;0;0;1;404;0;1;0000-00-00;0;new;1;1;both;0;1;0;361;2015-12-03 15:17:27;2017-01-27 16:15:01;0;3;;1;0.00;
117;0;0;375;1;6;1;0;3068755800006;;0.000000;0;1;58.250000;0.000000;;0.000000;0.00;5180000;;;0.000000;0.000000;0.000000;5.000000;2;0;0;0;0;1;404;0;1;0000-00-00;0;new;1;1;both;0;1;0;362;2015-12-03 15:17:27;2017-01-27 16:17:00;0;3;;1;0.00;
118;0;0;375;1;6;1;0;4001859523043;;0.000000;0;1;183.100000;0.000000;;0.000000;0.00;5123043;;;0.000000;0.000000;0.000000;11.000000;2;0;0;0;0;1;404;0;1;0000-00-00;0;new;1;1;both;0;1;0;363;2015-12-03 15:17:27;2017-01-27 16:17:22;0;3;;1;0.00;
119;0;0;375;1;6;1;0;4001859511507;;0.000000;0;1;198.850000;0.000000;;0.000000;0.00;5111507;;;0.000000;0.000000;0.000000;14.000000;2;0;0;0;0;0;404;0;1;0000-00-00;0;new;1;1;both;0;1;0;365;2015-12-03 15:17:27;2017-01-11 08:14:32;0;3;;1;0.00;
121;0;0;375;1;6;1;0;4001859059177;;0.000000;0;1;302.130000;0.000000;;0.000000;0.00;5159177;;;0.000000;0.000000;0.000000;9.000000;2;0;0;0;0;1;404;0;1;0000-00-00;0;new;1;1;both;0;1;0;371;2015-12-03 15:17:27;2017-01-27 16:17:55;0;3;;1;0.00;
122;0;0;375;1;6;1;0;4001859520653;;0.000000;0;1;311.450000;0.000000;;0.000000;0.00;5120653;;;0.000000;0.000000;0.000000;14.000000;2;0;0;0;0;0;404;0;1;0000-00-00;0;new;1;0;both;0;1;0;372;2015-12-03 15:17:27;2017-01-11 08:14:32;0;3;;1;0.00;
123;0;0;375;1;6;1;0;4001859044241;;0.000000;0;1;359.730000;0.000000;;0.000000;0.00;5111731;;;0.000000;0.000000;0.000000;10.000000;2;0;0;0;0;0;301;0;0;0000-00-00;0;new;1;0;both;0;1;0;374;2015-12-03 15:17:27;2017-01-11 08:14:39;0;3;;1;0.00;
124;0;0;375;1;6;1;0;4001859042537;;0.000000;0;1;367.600000;0.000000;;0.000000;0.00;5142537;;;0.000000;0.000000;0.000000;15.000000;2;0;0;0;0;0;404;0;1;0000-00-00;0;new;1;0;both;0;1;0;376;2015-12-03 15:17:27;2017-01-11 08:14:43;0;3;;1;0.00;
126;0;0;375;1;6;1;0;4001859044234;;0.000000;0;1;374.460000;0.000000;;0.000000;0.00;5111724;;;0.000000;0.000000;0.000000;19.000000;2;0;0;0;0;0;404;0;1;0000-00-00;0;new;1;0;both;0;1;0;380;2015-12-03 15:17:27;2017-01-11 08:14:43;0;3;;1;0.00;
127;0;0;375;1;6;1;0;4001859510043;;0.000000;0;1;423.850000;0.000000;;0.000000;0.00;5110043;;;0.000000;0.000000;0.000000;15.000000;2;0;0;0;0;1;404;0;1;0000-00-00;0;new;1;1;both;0;1;0;382;2015-12-03 15:17:27;2017-01-27 16:18:48;0;3;;1;0.00;
128;0;0;375;1;6;1;0;4001859511583;;0.000000;0;1;423.960000;0.000000;;0.000000;0.00;5111583;;;0.000000;0.000000;0.000000;12.000000;2;0;0;0;0;0;404;0;0;0000-00-00;0;new;1;0;none;0;1;0;386;2015-12-03 15:17:27;2017-01-11 08:14:44;0;3;;1;0.00;
129;0;0;375;1;6;1;0;4001859529045;;0.000000;0;1;469.980000;0.000000;;0.000000;0.00;5129045;;;0.000000;0.000000;0.000000;15.000000;2;0;0;0;0;0;404;0;1;0000-00-00;0;new;1;1;both;0;1;0;388;2015-12-03 15:17:27;2017-01-11 08:14:44;0;3;;1;0.00;
130;0;0;375;1;6;1;0;4001859070608;;0.000000;0;1;645.480000;0.000000;;0.000000;0.00;5111408;;;0.000000;0.000000;0.000000;22.000000;2;0;0;0;0;0;404;0;1;0000-00-00;0;new;1;0;both;0;1;0;389;2015-12-03 15:17:27;2017-01-11 08:14:44;0;3;;1;0.00;
131;0;0;375;1;6;1;0;3068755800303;;0.000000;0;1;104.130000;0.000000;;0.000000;0.00;5180030;;;0.000000;0.000000;0.000000;18.000000;2;0;0;0;0;1;404;0;1;0000-00-00;0;new;1;1;both;0;1;0;397;2015-12-03 15:17:27;2017-01-27 16:19:06;0;3;;1;0.00;
132;0;0;375;1;6;1;0;3068755800402;;0.000000;0;1;62.460000;0.000000;;0.000000;0.00;5180040;;;0.000000;0.000000;0.000000;15.000000;2;0;0;0;0;1;404;0;1;0000-00-00;0;new;1;0;both;0;0;0;398;2015-12-03 15:17:27;2017-03-02 14:27:32;0;3;;1;0.00;
133;0;0;395;1;6;1;0;4001859542020;;0.000000;0;1;141.580000;0.000000;;0.000000;0.00;5142020;;;0.000000;0.000000;0.000000;6.000000;2;0;0;0;0;1;404;0;1;0000-00-00;0;new;1;1;both;0;0;0;401;2015-12-03 15:17:27;2017-01-27 16:20:10;0;3;;1;0.00;
134;0;0;395;1;6;1;0;4001859036932;;0.000000;0;1;145.750000;0.000000;;0.000000;0.00;5136932;;;0.000000;0.000000;0.000000;6.000000;2;0;0;0;0;1;404;0;1;0000-00-00;0;new;1;1;both;0;0;0;399;2015-12-03 15:17:27;2017-01-27 16:20:34;0;3;;1;0.00;
135;0;0;395;1;6;1;0;4001859511804;;0.000000;0;1;166.580000;0.000000;;0.000000;0.00;5111804;;;0.000000;0.000000;0.000000;7.000000;2;0;0;0;0;0;404;0;1;0000-00-00;0;new;1;0;both;0;1;0;407;2015-12-03 15:17:27;2017-01-27 16:20:58;0;3;;1;0.00;
136;0;0;395;1;6;1;0;4001859540224;;0.000000;0;1;172.500000;0.000000;;0.000000;0.00;5140224;;;0.000000;0.000000;0.000000;9.000000;2;0;0;0;0;1;404;0;1;0000-00-00;0;new;1;1;both;0;0;0;408;2015-12-03 15:17:27;2017-01-27 16:21:28;0;3;;1;0.00;
138;0;0;395;1;6;1;0;4001859541733;;0.000000;0;1;164.080000;0.000000;;0.000000;0.00;5141733;;;0.000000;0.000000;0.000000;7.000000;2;0;0;0;0;0;404;0;1;0000-00-00;0;new;1;0;both;0;0;0;412;2015-12-03 15:17:27;2017-01-27 16:21:55;0;3;;1;0.00;
140;0;0;395;1;6;1;0;4001859036956;;0.000000;0;1;183.250000;0.000000;;0.000000;0.00;5140290;;;0.000000;0.000000;0.000000;9.000000;2;0;0;0;0;1;404;0;1;0000-00-00;0;new;1;1;both;0;0;0;415;2015-12-03 15:17:27;2017-01-27 16:23:05;0;3;;1;0.00;
141;0;0;376;1;6;1;0;3068752671258;;0.000000;0;1;390.000000;0.000000;;0.000000;0.00;2667125;;;0.000000;0.000000;0.000000;43.750000;2;0;0;0;0;1;404;0;1;0000-00-00;0;new;1;1;both;0;1;0;418;2015-12-03 15:17:27;2017-01-27 16:23:52;0;3;;1;0.00;
142;0;0;377;1;6;1;0;3068752132049;;0.000000;0;1;16.660000;0.000000;;0.000000;0.00;2013204;;;0.000000;0.000000;0.000000;2.400000;2;0;0;0;0;1;404;0;1;0000-00-00;0;new;1;1;both;0;1;0;419;2015-12-03 15:17:27;2017-01-27 16:25:00;0;3;;1;0.00;
143;0;0;377;1;6;1;0;3068752131011;;0.000000;0;1;29.680000;0.000000;;0.000000;0.00;2013101;;;0.000000;0.000000;0.000000;4.800000;2;0;0;0;0;1;404;0;1;0000-00-00;0;new;1;1;both;0;1;0;423;2015-12-03 15:17:27;2017-01-27 16:25:23;0;3;;1;0.00;
144;0;0;391;1;6;1;0;3068754061040;;0.000000;0;1;16.880000;0.000000;;0.000000;0.00;4206104;;;0.000000;0.000000;0.000000;1.700000;2;0;0;0;0;0;404;0;1;0000-00-00;0;new;1;0;both;0;0;0;0;2015-12-04 13:24:20;2017-01-27 16:25:51;0;3;;1;0.00;
145;0;0;391;1;6;1;0;3068754061040;;0.000000;0;1;16.880000;0.000000;;0.000000;0.00;4206104;;;0.000000;0.000000;0.000000;2.700000;2;0;0;0;0;0;404;0;1;0000-00-00;0;new;1;0;both;0;0;0;0;2015-12-04 13:26:51;2017-01-27 16:26:25;0;3;;1;0.00;
146;0;0;375;1;6;1;0;4001859520653;;0.000000;0;1;311.450000;0.000000;;0.000000;0.00;5120653;;;0.000000;0.000000;0.000000;14.000000;2;0;0;0;0;0;404;0;1;0000-00-00;0;new;1;0;both;0;0;0;0;2015-12-04 16:17:08;2017-01-11 08:14:31;0;3;;1;0.00;
147;0;0;388;1;6;1;0;3068754900035;;0.000000;0;1;20.833333;0.000000;;0.000000;0.00;4290003;;;0.000000;0.000000;0.000000;1.200000;2;0;0;0;0;1;404;0;1;0000-00-00;0;new;1;1;both;0;0;0;0;2015-12-11 10:17:50;2017-01-27 16:27:01;0;3;;1;0.00;
148;0;0;392;1;6;1;0;3068754220003;;0.000000;0;1;8.240000;0.000000;;0.000000;0.00;4222000;;;0.000000;0.000000;0.000000;2.800000;2;0;0;0;0;0;404;0;1;0000-00-00;0;new;1;0;both;0;0;0;0;2015-12-11 12:41:30;2017-01-27 16:27:34;0;3;;1;0.00;
149;0;0;390;1;6;1;0;3068755413008;;0.000000;8000;1;7.150000;0.000000;;0.000000;0.00;5441300;;;0.000000;0.000000;0.000000;0.400000;2;0;0;0;0;1;404;0;1;0000-00-00;0;new;1;1;both;0;0;0;444;2015-12-15 16:38:35;2017-02-16 15:19:53;0;3;;1;0.00;
150;0;0;390;1;6;1;0;3068755415002;;0.000000;0;1;4.080000;0.000000;;0.000000;0.00;5441500;;;0.000000;0.000000;0.000000;0.300000;2;0;0;0;0;1;404;0;1;0000-00-00;0;new;1;1;both;0;0;0;438;2015-12-15 17:04:43;2017-01-27 16:29:58;0;3;;1;0.00;
151;0;0;375;1;6;1;0;4001859520646;;0.000000;0;1;262.530000;0.000000;;0.000000;0.00;5120646;;;0.000000;0.000000;0.000000;14.000000;2;0;0;0;0;0;404;0;1;0000-00-00;0;new;1;0;both;0;0;0;0;2015-12-16 15:22:06;2017-01-11 08:14:32;0;3;;1;0.00;
152;0;0;380;1;6;1;0;3068754410008;;0.000000;1945;1;28.475000;0.000000;;0.000000;0.00;4241000;;;15.000000;2.500000;300.000000;9.600000;2;0;0;0;0;1;404;0;1;0000-00-00;0;new;1;1;both;0;1;0;448;2016-01-21 18:24:02;2017-01-27 16:30:36;0;3;;1;0.00;
153;0;0;381;1;6;1;0;3068754100022;;0.000000;3172;1;4.541667;0.000000;;0.000000;0.00;4210002;;;30.000000;2.200000;60.000000;2.900000;2;0;0;0;0;0;404;0;1;0000-00-00;0;new;1;1;both;0;0;0;452;2016-02-05 13:46:13;2017-01-11 08:14:33;0;3;;1;0.00;
154;0;0;392;1;6;1;0;3068753903525;;0.000000;44;1;63.041667;0.000000;;0.000000;0.00;3990352;;;40.000000;40.000000;40.000000;5.000000;2;0;0;0;0;1;404;0;1;0000-00-00;0;new;1;1;both;0;0;0;0;2016-02-05 16:03:17;2017-03-02 14:29:30;0;3;;1;0.00;
155;0;0;392;1;6;1;0;3068753903501;;0.000000;18;1;63.041667;0.000000;;0.000000;0.00;3990350;;;40.000000;40.000000;40.000000;5.000000;2;0;0;0;0;1;404;0;1;0000-00-00;0;new;1;1;both;0;1;0;0;2016-02-05 16:47:58;2017-01-27 16:31:53;0;3;;1;0.00;
156;0;0;392;1;6;1;0;3068753704016;;0.000000;420;1;3.325000;0.000000;;0.000000;0.00;3970401;;;0.000000;0.000000;0.000000;2.000000;2;0;0;0;0;1;404;0;1;0000-00-00;0;new;1;1;both;0;0;0;0;2016-02-05 17:48:24;2017-01-27 16:32:17;0;3;;1;0.00;
157;0;0;379;1;6;1;0;3068752631085;;0.000000;310;1;22.958333;0.000000;;0.000000;0.00;2163108;;;100.000000;200.000000;0.300000;5.400000;2;0;0;0;0;1;404;0;1;0000-00-00;0;new;1;1;both;0;1;0;460;2016-02-11 10:19:21;2017-01-27 16:32:51;0;3;;1;0.00;
158;0;0;379;1;6;1;0;3068752632037;;0.000000;504;1;23.458333;0.000000;;0.000000;0.00;2163203;;;100.000000;100.000000;0.300000;1.200000;2;0;0;0;0;1;404;0;1;0000-00-00;0;new;1;1;both;0;1;0;463;2016-02-11 10:37:59;2017-01-27 16:33:19;0;3;;1;0.00;
159;0;0;379;1;6;1;0;3068752632068;;0.000000;391;1;23.416667;0.000000;;0.000000;0.00;2163206;;;100.000000;100.000000;0.300000;1.200000;2;0;0;0;0;1;404;0;1;0000-00-00;0;new;1;0;both;0;0;0;467;2016-02-11 12:18:32;2017-03-02 14:40:05;0;3;;1;0.00;
160;0;0;377;1;6;1;0;3068752152047;;0.000000;1205;1;14.833333;0.000000;;0.000000;0.00;2015204;;;100.000000;100.000000;0.500000;10.000000;2;0;0;0;0;1;404;0;1;0000-00-00;0;new;1;0;both;0;0;0;470;2016-02-11 14:26:26;2017-07-05 12:03:34;0;3;;1;1.00;
161;0;0;379;1;6;1;0;3068752601385;;0.000000;1000;1;9.083333;0.000000;;0.000000;0.00;2060138;;;41.000000;142.000000;0.000000;2.500000;2;0;0;0;0;1;404;0;1;0000-00-00;0;new;1;1;both;0;0;0;474;2016-02-11 15:13:07;2017-01-27 17:05:07;0;3;;1;0.00;
162;0;0;370;1;6;1;0;3068752690051;;0.000000;1500;1;7.416667;0.000000;;0.000000;0.00;2369005;;;200.000000;90.000000;0.000000;2.160000;2;0;0;0;0;1;404;0;1;0000-00-00;0;new;1;1;both;0;0;0;476;2016-02-11 15:43:05;2017-01-27 17:05:29;0;3;;1;0.00;
163;0;0;370;1;6;1;0;3068752691072;;0.000000;380;1;6.083333;0.000000;;0.000000;0.00;2369107;;;109.000000;150.000000;0.000000;2.290000;2;0;0;0;0;1;404;0;1;0000-00-00;0;new;1;1;both;0;0;0;484;2016-02-11 17:25:35;2017-01-27 17:05:49;0;3;;1;0.00;
164;0;0;370;1;6;1;0;3068752628306;;0.000000;500;1;30.833333;0.000000;;0.000000;0.00;2262830;;;98.000000;300.000000;0.160000;9.000000;2;0;0;0;0;0;404;0;1;0000-00-00;0;new;1;0;both;0;0;0;485;2016-02-12 11:12:16;2017-01-27 17:06:17;0;3;;1;0.00;
166;0;0;390;1;6;1;0;3068755900164;;0.000000;67;1;5.333333;0.000000;;0.000000;0.00;5990016;;;0.000000;0.000000;0.000000;1.500000;2;0;0;0;0;1;404;0;1;0000-00-00;0;new;1;1;both;0;0;0;480;2016-02-12 14:26:17;2017-01-27 17:06:54;0;3;;1;0.00;
167;0;0;390;1;6;1;0;3068755900225;;0.000000;117;1;5.000000;0.000000;;0.000000;0.00;5990022;;;0.000000;0.000000;0.000000;1.250000;2;0;0;0;0;1;404;0;1;0000-00-00;0;new;1;1;both;0;0;0;481;2016-02-12 14:43:41;2017-01-27 17:07:28;0;3;;1;0.00;
168;0;0;390;1;6;1;0;3068755411004;;0.000000;159;1;9.333333;0.000000;;0.000000;0.00;5441100;;;0.000000;0.000000;0.000000;0.200000;2;0;0;0;0;0;404;0;1;0000-00-00;0;new;1;1;both;0;0;0;486;2016-02-12 16:47:21;2017-01-11 08:14:37;0;3;;1;0.00;
169;0;0;390;1;6;1;0;3068755411066;;0.000000;452;1;4.583333;0.000000;;0.000000;0.00;5441106;;;0.000000;0.000000;0.000000;0.200000;2;0;0;0;0;0;404;0;1;0000-00-00;0;new;1;1;both;0;0;0;489;2016-02-12 17:07:00;2017-01-11 08:14:34;0;3;;1;0.00;
170;0;0;397;1;6;1;0;0;;0.000000;28000;1;16.583333;0.000000;;0.000000;0.00;;;;18.000000;5.000000;0.000000;5.000000;2;0;0;0;0;1;404;0;1;0000-00-00;0;new;1;1;both;0;0;0;495;2016-03-11 16:46:13;2017-01-27 17:07:50;0;3;;1;0.00;
171;0;0;388;1;6;1;0;3068754420007;;0.000000;20000;1;18.825000;0.000000;;0.000000;0.00;4242000;;;3.000000;5.000000;322.000000;9.000000;2;0;0;0;0;1;404;0;1;0000-00-00;0;new;1;1;both;0;0;0;509;2016-03-18 17:09:09;2017-01-27 17:08:11;0;3;;1;0.00;
172;0;0;390;1;6;1;0;3068755743006;;0.000000;8000;1;71.583333;0.000000;;0.000000;0.00;5474300;;;0.000000;0.000000;0.000000;5.500000;2;0;0;0;0;1;404;0;1;0000-00-00;0;new;1;1;both;0;0;0;510;2016-03-24 11:24:44;2017-01-27 17:12:10;0;3;;1;0.00;
173;0;0;390;1;6;1;0;3068755743013;;0.000000;8000;1;60.750000;0.000000;;0.000000;0.00;5474301;;;0.000000;0.000000;0.000000;5.100000;2;0;0;0;0;1;404;0;1;0000-00-00;0;new;1;1;both;0;0;0;514;2016-03-24 15:42:00;2017-01-27 17:12:30;0;3;;1;0.00;
174;0;0;390;1;6;1;0;3068755778008;;0.000000;4000;1;49.916667;0.000000;;0.000000;0.00;5477800;;;0.000000;0.000000;0.000000;4.500000;2;0;0;0;0;1;404;0;1;0000-00-00;0;new;1;1;both;0;1;0;518;2016-03-25 14:28:55;2017-01-27 17:13:13;0;3;;1;0.00;
175;0;0;390;1;6;1;0;3068755778022;;0.000000;4000;1;38.250000;0.000000;;0.000000;0.00;5477802;;;0.000000;0.000000;0.000000;4.500000;2;0;0;0;0;1;404;0;1;0000-00-00;0;new;1;1;both;0;1;0;520;2016-03-25 14:39:52;2017-01-27 17:13:43;0;3;;1;0.00;
176;0;0;390;1;6;1;0;3068755777131;;0.000000;4000;1;16.583333;0.000000;;0.000000;0.00;5477713;;;0.000000;0.000000;0.000000;0.400000;2;0;0;0;0;1;404;0;1;0000-00-00;0;new;1;1;both;0;0;0;522;2016-03-25 15:19:39;2017-01-27 17:15:35;0;3;;1;0.00;
177;0;0;371;1;6;1;0;3068755102001;;0.000000;30000;1;19.083333;0.000000;;0.000000;0.00;5610200;;;0.000000;0.000000;0.000000;10.000000;2;0;0;0;0;1;404;0;1;0000-00-00;0;new;1;1;both;0;1;0;524;2016-03-25 16:31:52;2017-02-08 09:32:08;0;3;;1;0.00;
178;0;0;371;1;6;1;0;3068755108003;;0.000000;30000;1;22.416667;0.000000;;0.000000;0.00;5610800;;;0.000000;0.000000;0.000000;12.000000;2;0;0;0;0;1;404;0;1;0000-00-00;0;new;1;1;both;0;1;0;539;2016-03-25 17:14:41;2017-01-27 17:16:34;0;3;;1;0.00;
179;0;0;371;1;6;1;0;3068755109000;;0.000000;28000;1;24.916667;0.000000;;0.000000;0.00;5610900;;;0.000000;0.000000;0.000000;13.000000;2;0;0;0;0;1;404;0;1;0000-00-00;0;new;1;1;both;0;1;0;554;2016-04-01 10:06:51;2017-01-27 17:24:38;0;3;;1;0.00;
180;0;0;390;1;6;1;0;3068755106450;;0.000000;80000;1;15.833333;0.000000;;0.000000;0.00;5610645;;;0.000000;0.000000;0.000000;4.000000;2;0;0;0;0;1;404;0;1;0000-00-00;0;new;1;1;both;0;1;0;569;2016-04-01 12:08:50;2017-01-27 17:25:07;0;3;;1;0.00;
181;0;0;390;1;6;1;0;3068755106504;;0.000000;100000;1;19.083333;0.000000;;0.000000;0.00;5610650;;;0.000000;0.000000;0.000000;4.000000;2;0;0;0;0;1;404;0;1;0000-00-00;0;new;1;1;both;0;1;0;573;2016-04-01 12:27:55;2017-01-27 17:25:38;0;3;;1;0.00;
182;0;0;390;1;6;1;0;3068755106603;;0.000000;100000;1;19.083333;0.000000;;0.000000;0.00;5610660;;;0.000000;0.000000;0.000000;4.000000;2;0;0;0;0;1;404;0;1;0000-00-00;0;new;1;1;both;0;1;0;578;2016-04-01 12:38:24;2017-01-27 17:26:08;0;3;;1;0.00;
183;0;0;390;1;6;1;0;3068755106702;;0.000000;100000;1;16.666667;0.000000;;0.000000;0.00;5610670;;;0.000000;0.000000;0.000000;4.000000;2;0;0;0;0;1;404;0;1;0000-00-00;0;new;1;1;both;0;0;0;583;2016-04-01 14:29:20;2017-01-27 17:26:32;0;3;;1;0.00;
184;0;0;390;1;6;1;0;3068755106801;;0.000000;100000;1;16.666667;0.000000;;0.000000;0.00;5610680;;;0.000000;0.000000;0.000000;4.000000;2;0;0;0;0;1;404;0;1;0000-00-00;0;new;1;1;both;0;0;0;588;2016-04-01 14:41:19;2017-01-27 17:26:50;0;3;;1;0.00;
185;0;0;390;1;6;1;0;3068755106856;;0.000000;100000;1;15.916667;0.000000;;0.000000;0.00;5610685;;;0.000000;0.000000;0.000000;2.000000;2;0;0;0;0;1;404;0;1;0000-00-00;0;new;1;1;both;0;0;0;593;2016-04-01 14:56:04;2017-01-27 17:27:13;0;3;;1;0.00;
186;0;0;390;1;6;1;0;3068755637008;;0.000000;10000;1;40.833333;0.000000;;0.000000;0.00;5463700;;;0.000000;0.000000;0.000000;4.000000;2;0;0;0;0;1;404;0;1;0000-00-00;0;new;1;1;both;0;0;0;602;2016-04-28 12:09:58;2017-01-27 17:27:37;0;3;;1;0.00;
187;0;0;390;1;6;1;0;3068755637015;;0.000000;10000;1;32.500000;0.000000;;0.000000;0.00;5463701;;;0.000000;0.000000;0.000000;4.000000;2;0;0;0;0;1;404;0;1;0000-00-00;0;new;1;1;both;0;0;0;601;2016-04-28 16:28:15;2017-01-27 17:28:03;0;3;;1;0.00;
188;0;0;390;1;6;1;0;3068755634014;;0.000000;10000;1;4.666667;0.000000;;0.000000;0.00;5463401;;;0.000000;0.000000;0.000000;0.400000;2;0;0;0;0;1;404;0;1;0000-00-00;0;new;1;1;both;0;0;0;603;2016-04-28 16:54:08;2017-01-27 17:28:28;0;3;;1;0.00;
189;0;0;375;1;6;1;0;4001859070608;;0.000000;0;1;645.480000;0.000000;;0.000000;0.00;5111408;;;0.000000;0.000000;0.000000;22.000000;2;0;0;0;0;0;404;0;1;0000-00-00;0;new;1;0;both;0;0;0;0;2016-05-23 17:19:34;2017-01-11 08:14:36;0;3;;1;0.00;
190;0;0;384;1;6;1;0;3068754120006;;0.000000;20000;1;31.900000;0.000000;;0.000000;0.00;4212000;;;0.000000;0.000000;0.000000;15.000000;2;0;0;0;0;1;404;0;1;0000-00-00;0;new;1;1;both;0;1;0;613;2016-05-26 15:50:21;2017-01-27 17:28:49;0;3;;1;0.00;
191;0;0;381;1;6;1;0;3068754120105;;0.000000;20000;1;31.900000;0.000000;;0.000000;0.00;4212010;;;0.000000;0.000000;0.000000;15.000000;2;0;0;0;0;1;404;0;1;0000-00-00;0;new;1;1;both;0;1;0;615;2016-05-26 17:03:39;2017-01-27 17:29:15;0;3;;1;0.00;
192;0;0;392;1;6;1;0;3068754420069;;0.000000;0;1;20.825000;0.000000;;0.000000;0.00;4242006;;;0.000000;0.000000;0.000000;0.000000;2;0;0;0;0;1;404;0;1;0000-00-00;0;new;1;1;both;0;1;0;0;2016-06-17 11:27:36;2017-01-27 17:29:42;0;3;;1;0.00;
193;0;0;392;1;6;1;0;3068754420014;;0.000000;0;1;16.250000;0.000000;;0.000000;0.00;4242001;;;0.000000;0.000000;0.000000;0.000000;2;0;0;0;0;1;404;0;1;0000-00-00;0;new;1;1;both;0;1;0;0;2016-06-17 11:45:27;2017-01-27 17:30:11;0;3;;1;0.00;
194;0;0;392;1;6;1;0;3068754300040;;0.000000;0;1;23.250000;0.000000;;0.000000;0.00;4241003;;;0.000000;0.000000;0.000000;9.000000;2;0;0;0;0;1;404;0;1;0000-00-00;0;new;1;1;both;0;1;0;656;2016-06-17 11:47:52;2017-01-27 17:30:38;0;3;;1;0.00;
195;0;0;391;1;6;1;0;3068754900103;;0.000000;0;1;20.833333;0.000000;;0.000000;0.00;4290010;;;0.000000;0.000000;0.000000;1.200000;2;0;0;0;0;1;404;0;1;0000-00-00;0;new;1;1;both;0;0;0;0;2016-06-21 15:19:42;2017-01-27 17:30:58;0;3;;1;0.00;
196;0;0;393;1;6;1;0;3068754900097;;0.000000;0;1;20.833333;0.000000;;0.000000;0.00;4290009;;;0.000000;0.000000;0.000000;1.200000;2;0;0;0;0;1;404;0;1;0000-00-00;0;new;1;1;both;0;0;0;0;2016-06-21 15:39:13;2017-01-27 17:31:14;0;3;;1;0.00;
197;0;0;375;1;6;1;0;4001859529045;;0.000000;0;1;469.980000;0.000000;;0.000000;0.00;5129045;;;0.000000;0.000000;0.000000;15.000000;2;0;0;0;0;0;404;0;1;0000-00-00;0;new;1;0;both;0;1;0;0;2016-08-01 10:42:30;2017-01-11 08:14:44;0;3;;1;0.00;
198;0;0;390;1;6;1;0;3068755106085;;0.000000;0;1;6.583333;0.000000;;0.000000;0.00;5610608;;;0.000000;0.000000;0.000000;0.200000;2;0;0;0;0;1;404;0;1;0000-00-00;0;new;1;1;both;0;0;0;647;2016-10-25 15:52:42;2017-01-27 17:31:29;0;3;;1;0.00;
199;0;0;2;1;6;0;0;;;0.000000;0;1;8.333333;0.000000;;0.000000;0.00;;;;0.000000;0.000000;0.000000;0.000000;2;0;0;0;0;0;404;0;1;0000-00-00;0;new;1;0;none;0;0;0;0;2017-04-13 09:49:39;2017-04-14 11:47:38;0;3;;1;0.00;
